"Message",Low,"Démarrage de la compilation .NET Native"
"Message",Low,""
"Message",Low,""
"Message",Low,"Tâche ""Gatekeeper"""
"Message",Normal,"Lancement de 'C:\Users\Anthony\.nuget\packages\runtime.win10-x64.microsoft.net.native.compiler\2.2.7-rel-27913-00\tools\x64\ilc\ilc.exe --gatekeeper @""C:\Users\Anthony\Source\Repos\GoalFormulationAssistanceAR\Hololens\Projects\ContextualAssistanceV2\obj\x64\Debug\ilc\intermediate\gkargs.rsp""'"
"Message",Low,"Microsoft (R) .NET Native Gatekeeper, version 2.2.27913.00 "
"Message",Low,"Copyright (C) Microsoft Corporation.  All rights reserved. "
"Message",Low," "
"Message",Low,"ILCTelemetry: System.ArgumentException: Could not deserialize to TelemetrySession object"
"Message",Low,"Nom du param�tre�: serializedSession ---> System.Runtime.Serialization.SerializationException: Une erreur s'est produite lors de la d�s�rialisation de l'objet de type Microsoft.VisualStudio.Telemetry.TelemetrySessionSettings. Jeton '""' attendu, mais 'I' a �t� trouv�. ---> System.Xml.XmlException: Jeton '""' attendu, mais 'I' a �t� trouv�."
"Message",Low,"   � System.Xml.XmlExceptionHelper.ThrowXmlException(XmlDictionaryReader reader, String res, String arg1, String arg2, String arg3)"
"Message",Low,"   � System.Xml.XmlExceptionHelper.ThrowTokenExpected(XmlDictionaryReader reader, String expected, Char found)"
"Message",Low,"   � System.Runtime.Serialization.Json.XmlJsonReader.ReadServerTypeAttribute(Boolean consumedObjectChar)"
"Message",Low,"   � System.Runtime.Serialization.Json.XmlJsonReader.ReadAttributes()"
"Message",Low,"   � System.Runtime.Serialization.Json.XmlJsonReader.ReadNonExistentElementName(StringHandleConstStringType elementName)"
"Message",Low,"   � System.Runtime.Serialization.Json.XmlJsonReader.Read()"
"Message",Low,"   � System.Xml.XmlBaseReader.IsStartElement()"
"Message",Low,"   � System.Xml.XmlBaseReader.IsStartElement(XmlDictionaryString localName, XmlDictionaryString namespaceUri)"
"Message",Low,"   � System.Runtime.Serialization.XmlReaderDelegator.IsStartElement(XmlDictionaryString localname, XmlDictionaryString ns)"
"Message",Low,"   � System.Runtime.Serialization.XmlObjectSerializer.IsRootElement(XmlReaderDelegator reader, DataContract contract, XmlDictionaryString name, XmlDictionaryString ns)"
"Message",Low,"   � System.Runtime.Serialization.Json.DataContractJsonSerializer.InternalIsStartObject(XmlReaderDelegator reader)"
"Message",Low,"   � System.Runtime.Serialization.Json.DataContractJsonSerializer.InternalReadObject(XmlReaderDelegator xmlReader, Boolean verifyObjectName)"
"Message",Low,"   � System.Runtime.Serialization.XmlObjectSerializer.InternalReadObject(XmlReaderDelegator reader, Boolean verifyObjectName, DataContractResolver dataContractResolver)"
"Message",Low,"   � System.Runtime.Serialization.XmlObjectSerializer.ReadObjectHandleExceptions(XmlReaderDelegator reader, Boolean verifyObjectName, DataContractResolver dataContractResolver)"
"Message",Low,"   --- Fin de la trace de la pile d'exception interne ---"
"Message",Low,"   � System.Runtime.Serialization.XmlObjectSerializer.ReadObjectHandleExceptions(XmlReaderDelegator reader, Boolean verifyObjectName, DataContractResolver dataContractResolver)"
"Message",Low,"   � System.Runtime.Serialization.Json.DataContractJsonSerializer.ReadObject(XmlDictionaryReader reader)"
"Message",Low,"   � System.Runtime.Serialization.Json.DataContractJsonSerializer.ReadObject(Stream stream)"
"Message",Low,"   � Microsoft.VisualStudio.Telemetry.TelemetrySessionSettings.Deserialize(String settings)"
"Message",Low,"   � Microsoft.VisualStudio.Telemetry.TelemetrySessionSettings.Parse(String serializedSession)"
"Message",Low,"   --- Fin de la trace de la pile d'exception interne ---"
"Message",Low,"   � Microsoft.VisualStudio.Telemetry.TelemetrySessionSettings.Parse(String serializedSession)"
"Message",Low,"   � ILCTelemetry.Program.ReadEvents()"
"Message",Low,"   � ILCTelemetry.Program.Main(String[] args)"
"Message",Low,"V�rification de l'assembly 'C:\Users\Anthony\Source\Repos\GoalFormulationAssistanceAR\Hololens\Projects\ContextualAssistanceV2\obj\x64\Debug\ilc\in\ContextualAssistanceV2.exe'. "
"Message",Low,"V�rification de l'assembly 'C:\Users\Anthony\Source\Repos\GoalFormulationAssistanceAR\Hololens\Projects\ContextualAssistanceV2\obj\x64\Debug\ilc\in\StereoKit.dll'. "
"Message",Normal,"'C:\Users\Anthony\.nuget\packages\runtime.win10-x64.microsoft.net.native.compiler\2.2.7-rel-27913-00\tools\x64\ilc\ilc.exe --gatekeeper @""C:\Users\Anthony\Source\Repos\GoalFormulationAssistanceAR\Hololens\Projects\ContextualAssistanceV2\obj\x64\Debug\ilc\intermediate\gkargs.rsp""' achevé."
"Message",Normal,"Statistiques d'exécution de processus (toutes les durées en millisecondes)"
"Message",Normal,"-----------------------------------------------------------------------------"
"Message",Normal,"lancement | début |   arrêt  |   fin    |  durée   | durée de vie | nom [emplacement]"
"Message",Normal,"-----------------------------------------------------------------------------"
"Message",Normal,"       0 |        0 |      469 |      469 |      469 |      469 | [0] Gatekeeper"
"Message",Normal,"Nombre de commandes :    1"
"Message",Normal,"Temps système total :    469 ms"
"Message",Normal,"Temps système par commande : 469 ms"
"Message",Normal,"Durée totale :           469 ms"
"Message",Normal,"Durée de vie totale :    469 ms"
"Message",Normal,"DOP demandé :            4"
"Message",Normal,"Durée DOP :              1,0"
"Message",Normal,"Durée de vie DOP :       1,0"
"Message",Low,"Fin de l'exécution de la tâche ""Gatekeeper""."
"Message",Low,"Génération de la cible ""RunGatekeeper"" terminée dans le fichier ""Preparation""."
"Message",Low,""
"Message",Low,"Génération de la cible ""CreateToolchainGeneratedAssembly"" terminée dans le fichier ""Preparation""."
"Message",Low,""
"Message",Low,"Tâche ""PreMergeAssemblyClosure"""
"Message",Low,"Fin de l'exécution de la tâche ""PreMergeAssemblyClosure""."
"Message",Low,"Génération de la cible ""ConstructPreMergeAssemblyClosure"" terminée dans le fichier ""Preparation""."
"Message",Low,""
"Message",Low,"Tâche ""McgReferenceResolveFilePath"""
"Message",Low,"Fin de l'exécution de la tâche ""McgReferenceResolveFilePath""."
"Message",Low,"Génération de la cible ""PreResolveTransforms"" terminée dans le fichier ""Preparation""."
"Message",Low,""
"Message",Low,"Tâche ""ResolveToolchainRequiredAssemblyRoots"""
"Message",Low,"Fin de l'exécution de la tâche ""ResolveToolchainRequiredAssemblyRoots""."
"Message",Low,"Tâche ""ILTransformAssemblyClosure"""
"Message",Low,"Fin de l'exécution de la tâche ""ILTransformAssemblyClosure""."
"Message",Low,"Tâche ""ResolveToolchainRequiredAssemblyRoots"""
"Message",Low,"Fin de l'exécution de la tâche ""ResolveToolchainRequiredAssemblyRoots""."
"Message",Low,"Tâche ""ReducedCopyAssemblyClosure"""
"Message",Low,"Fin de l'exécution de la tâche ""ReducedCopyAssemblyClosure""."
"Message",Low,"Génération de la cible ""ConstructILTransformAssemblyClosure"" terminée dans le fichier ""Preparation""."
"Message",Low,"Génération du projet ""Preparation"" terminée."
"Message",Low,""
"Message",Low,""
"Message",High,"Traitement du code de l'application"
"Message",Low,"Tâche ""RunILTransforms"""
"Message",Normal,"Exécution de la transformation 'DumpNativeResources', tas à 106 Mo."
"Message",Normal,"Exécution de la transformation 'Analysis', tas à 120 Mo."
"Message",Low,"Chargement de 53 modules..."
"Message",Normal,"Directives de réflexion importées à partir de 7 fichiers :"
"Message",Normal,"C:\Users\Anthony\Source\Repos\GoalFormulationAssistanceAR\Hololens\Projects\ContextualAssistanceV2\obj\x64\Debug\ilc\in\Properties\Default.rd.xml"
"Message",Normal,"Manifeste incorporé dans System.Private.Interop : Resources.System.Private.Interop.rd.xml"
"Message",Normal,"Manifeste incorporé dans System.Private.WinRTInterop.CoreLib : Resources.System.Private.WinRTInterop.CoreLib.rd.xml"
"Message",Normal,"Manifeste incorporé dans System.Runtime.WindowsRuntime.UI.Xaml : Resources.System.Runtime.WindowsRuntime.UI.Xaml.rd.xml"
"Message",Normal,"Manifeste incorporé dans System.Private.CoreLib : Resources.System.Private.CoreLib.rd.xml"
"Message",Normal,"Manifeste incorporé dans System.Private.Uri : Resources.System.Private.Uri.rd.xml"
"Message",Normal,"Manifeste incorporé dans System.Private.Reflection.Core : System.Private.Reflection.Core.rd.xml"
"Message",Normal,"Exécution de la transformation 'Mcg', tas à 135 Mo."
"Message",High,"Calcul de la fermeture de l'application et génération du code interop"
"Message",High,"  Chargement de 53 modules..."
"Message",Normal,"          P/Invoke 'sk_init' résolu en 'sk_init!StereoKitC.dll' à partir de 'StereoKitC.dll'."
"Message",Normal,"          P/Invoke 'sk_shutdown' résolu en 'sk_shutdown!StereoKitC.dll' à partir de 'StereoKitC.dll'."
"Message",Normal,"          P/Invoke 'sk_quit' résolu en 'sk_quit!StereoKitC.dll' à partir de 'StereoKitC.dll'."
"Message",Normal,"          P/Invoke 'sk_step' résolu en 'sk_step!StereoKitC.dll' à partir de 'StereoKitC.dll'."
"Message",Normal,"          P/Invoke 'sk_active_runtime' résolu en 'sk_active_runtime!StereoKitC.dll' à partir de 'StereoKitC.dll'."
"Message",Normal,"          P/Invoke 'sk_set_settings' résolu en 'sk_set_settings!StereoKitC.dll' à partir de 'StereoKitC.dll'."
"Message",Normal,"          P/Invoke 'sk_system_info' résolu en 'sk_system_info!StereoKitC.dll' à partir de 'StereoKitC.dll'."
"Message",Normal,"          P/Invoke 'sk_version_name' résolu en 'sk_version_name!StereoKitC.dll' à partir de 'StereoKitC.dll'."
"Message",Normal,"          P/Invoke 'sk_version_id' résolu en 'sk_version_id!StereoKitC.dll' à partir de 'StereoKitC.dll'."
"Message",Normal,"          P/Invoke 'time_getf_unscaled' résolu en 'time_getf_unscaled!StereoKitC.dll' à partir de 'StereoKitC.dll'."
"Message",Normal,"          P/Invoke 'time_get_unscaled' résolu en 'time_get_unscaled!StereoKitC.dll' à partir de 'StereoKitC.dll'."
"Message",Normal,"          P/Invoke 'time_getf' résolu en 'time_getf!StereoKitC.dll' à partir de 'StereoKitC.dll'."
"Message",Normal,"          P/Invoke 'time_get' résolu en 'time_get!StereoKitC.dll' à partir de 'StereoKitC.dll'."
"Message",Normal,"          P/Invoke 'time_elapsedf_unscaled' résolu en 'time_elapsedf_unscaled!StereoKitC.dll' à partir de 'StereoKitC.dll'."
"Message",Normal,"          P/Invoke 'time_elapsed_unscaled' résolu en 'time_elapsed_unscaled!StereoKitC.dll' à partir de 'StereoKitC.dll'."
"Message",Normal,"          P/Invoke 'time_elapsedf' résolu en 'time_elapsedf!StereoKitC.dll' à partir de 'StereoKitC.dll'."
"Message",Normal,"          P/Invoke 'time_elapsed' résolu en 'time_elapsed!StereoKitC.dll' à partir de 'StereoKitC.dll'."
"Message",Normal,"          P/Invoke 'time_scale' résolu en 'time_scale!StereoKitC.dll' à partir de 'StereoKitC.dll'."
"Message",Normal,"          P/Invoke 'time_set_time' résolu en 'time_set_time!StereoKitC.dll' à partir de 'StereoKitC.dll'."
"Message",Normal,"          P/Invoke 'quat_difference' résolu en 'quat_difference!StereoKitC.dll' à partir de 'StereoKitC.dll'."
"Message",Normal,"          P/Invoke 'quat_lookat' résolu en 'quat_lookat!StereoKitC.dll' à partir de 'StereoKitC.dll'."
"Message",Normal,"          P/Invoke 'quat_lookat_up' résolu en 'quat_lookat_up!StereoKitC.dll' à partir de 'StereoKitC.dll'."
"Message",Normal,"          P/Invoke 'quat_from_angles' résolu en 'quat_from_angles!StereoKitC.dll' à partir de 'StereoKitC.dll'."
"Message",Normal,"          P/Invoke 'quat_slerp' résolu en 'quat_slerp!StereoKitC.dll' à partir de 'StereoKitC.dll'."
"Message",Normal,"          P/Invoke 'quat_normalize' résolu en 'quat_normalize!StereoKitC.dll' à partir de 'StereoKitC.dll'."
"Message",Normal,"          P/Invoke 'quat_inverse' résolu en 'quat_inverse!StereoKitC.dll' à partir de 'StereoKitC.dll'."
"Message",Normal,"          P/Invoke 'quat_mul' résolu en 'quat_mul!StereoKitC.dll' à partir de 'StereoKitC.dll'."
"Message",Normal,"          P/Invoke 'quat_mul_vec' résolu en 'quat_mul_vec!StereoKitC.dll' à partir de 'StereoKitC.dll'."
"Message",Normal,"          P/Invoke 'matrix_inverse' résolu en 'matrix_inverse!StereoKitC.dll' à partir de 'StereoKitC.dll'."
"Message",Normal,"          P/Invoke 'matrix_mul' résolu en 'matrix_mul!StereoKitC.dll' à partir de 'StereoKitC.dll'."
"Message",Normal,"          P/Invoke 'matrix_mul_point' résolu en 'matrix_mul_point!StereoKitC.dll' à partir de 'StereoKitC.dll'."
"Message",Normal,"          P/Invoke 'matrix_mul_direction' résolu en 'matrix_mul_direction!StereoKitC.dll' à partir de 'StereoKitC.dll'."
"Message",Normal,"          P/Invoke 'matrix_trs' résolu en 'matrix_trs!StereoKitC.dll' à partir de 'StereoKitC.dll'."
"Message",Normal,"          P/Invoke 'matrix_trs_out' résolu en 'matrix_trs_out!StereoKitC.dll' à partir de 'StereoKitC.dll'."
"Message",Normal,"          P/Invoke 'pose_matrix' résolu en 'pose_matrix!StereoKitC.dll' à partir de 'StereoKitC.dll'."
"Message",Normal,"          P/Invoke 'vec3_cross' résolu en 'vec3_cross!StereoKitC.dll' à partir de 'StereoKitC.dll'."
"Message",Normal,"          P/Invoke 'plane_ray_intersect' résolu en 'plane_ray_intersect!StereoKitC.dll' à partir de 'StereoKitC.dll'."
"Message",Normal,"          P/Invoke 'plane_line_intersect' résolu en 'plane_line_intersect!StereoKitC.dll' à partir de 'StereoKitC.dll'."
"Message",Normal,"          P/Invoke 'plane_point_closest' résolu en 'plane_point_closest!StereoKitC.dll' à partir de 'StereoKitC.dll'."
"Message",Normal,"          P/Invoke 'sphere_ray_intersect' résolu en 'sphere_ray_intersect!StereoKitC.dll' à partir de 'StereoKitC.dll'."
"Message",Normal,"          P/Invoke 'sphere_point_contains' résolu en 'sphere_point_contains!StereoKitC.dll' à partir de 'StereoKitC.dll'."
"Message",Normal,"          P/Invoke 'bounds_ray_intersect' résolu en 'bounds_ray_intersect!StereoKitC.dll' à partir de 'StereoKitC.dll'."
"Message",Normal,"          P/Invoke 'bounds_point_contains' résolu en 'bounds_point_contains!StereoKitC.dll' à partir de 'StereoKitC.dll'."
"Message",Normal,"          P/Invoke 'bounds_line_contains' résolu en 'bounds_line_contains!StereoKitC.dll' à partir de 'StereoKitC.dll'."
"Message",Normal,"          P/Invoke 'color_hsv' résolu en 'color_hsv!StereoKitC.dll' à partir de 'StereoKitC.dll'."
"Message",Normal,"          P/Invoke 'color_to_hsv' résolu en 'color_to_hsv!StereoKitC.dll' à partir de 'StereoKitC.dll'."
"Message",Normal,"          P/Invoke 'color_lab' résolu en 'color_lab!StereoKitC.dll' à partir de 'StereoKitC.dll'."
"Message",Normal,"          P/Invoke 'color_to_lab' résolu en 'color_to_lab!StereoKitC.dll' à partir de 'StereoKitC.dll'."
"Message",Normal,"          P/Invoke 'gradient_create' résolu en 'gradient_create!StereoKitC.dll' à partir de 'StereoKitC.dll'."
"Message",Normal,"          P/Invoke 'gradient_create_keys' résolu en 'gradient_create_keys!StereoKitC.dll' à partir de 'StereoKitC.dll'."
"Message",Normal,"          P/Invoke 'gradient_add' résolu en 'gradient_add!StereoKitC.dll' à partir de 'StereoKitC.dll'."
"Message",Normal,"          P/Invoke 'gradient_set' résolu en 'gradient_set!StereoKitC.dll' à partir de 'StereoKitC.dll'."
"Message",Normal,"          P/Invoke 'gradient_remove' résolu en 'gradient_remove!StereoKitC.dll' à partir de 'StereoKitC.dll'."
"Message",Normal,"          P/Invoke 'gradient_count' résolu en 'gradient_count!StereoKitC.dll' à partir de 'StereoKitC.dll'."
"Message",Normal,"          P/Invoke 'gradient_get' résolu en 'gradient_get!StereoKitC.dll' à partir de 'StereoKitC.dll'."
"Message",Normal,"          P/Invoke 'gradient_get32' résolu en 'gradient_get32!StereoKitC.dll' à partir de 'StereoKitC.dll'."
"Message",Normal,"          P/Invoke 'gradient_release' résolu en 'gradient_release!StereoKitC.dll' à partir de 'StereoKitC.dll'."
"Message",Normal,"          P/Invoke 'sh_create' résolu en 'sh_create!StereoKitC.dll' à partir de 'StereoKitC.dll'."
"Message",Normal,"          P/Invoke 'sh_lookup' résolu en 'sh_lookup!StereoKitC.dll' à partir de 'StereoKitC.dll'."
"Message",Normal,"          P/Invoke 'mesh_find' résolu en 'mesh_find!StereoKitC.dll' à partir de 'StereoKitC.dll'."
"Message",Normal,"          P/Invoke 'mesh_create' résolu en 'mesh_create!StereoKitC.dll' à partir de 'StereoKitC.dll'."
"Message",Normal,"          P/Invoke 'mesh_set_id' résolu en 'mesh_set_id!StereoKitC.dll' à partir de 'StereoKitC.dll'."
"Message",Normal,"          P/Invoke 'mesh_release' résolu en 'mesh_release!StereoKitC.dll' à partir de 'StereoKitC.dll'."
"Message",Normal,"          P/Invoke 'mesh_set_keep_data' résolu en 'mesh_set_keep_data!StereoKitC.dll' à partir de 'StereoKitC.dll'."
"Message",Normal,"          P/Invoke 'mesh_get_keep_data' résolu en 'mesh_get_keep_data!StereoKitC.dll' à partir de 'StereoKitC.dll'."
"Message",Normal,"          P/Invoke 'mesh_set_verts' résolu en 'mesh_set_verts!StereoKitC.dll' à partir de 'StereoKitC.dll'."
"Message",Normal,"          P/Invoke 'mesh_get_verts' résolu en 'mesh_get_verts!StereoKitC.dll' à partir de 'StereoKitC.dll'."
"Message",Normal,"          P/Invoke 'mesh_set_inds' résolu en 'mesh_set_inds!StereoKitC.dll' à partir de 'StereoKitC.dll'."
"Message",Normal,"          P/Invoke 'mesh_get_inds' résolu en 'mesh_get_inds!StereoKitC.dll' à partir de 'StereoKitC.dll'."
"Message",Normal,"          P/Invoke 'mesh_set_draw_inds' résolu en 'mesh_set_draw_inds!StereoKitC.dll' à partir de 'StereoKitC.dll'."
"Message",Normal,"          P/Invoke 'mesh_set_bounds' résolu en 'mesh_set_bounds!StereoKitC.dll' à partir de 'StereoKitC.dll'."
"Message",Normal,"          P/Invoke 'mesh_get_bounds' résolu en 'mesh_get_bounds!StereoKitC.dll' à partir de 'StereoKitC.dll'."
"Message",Normal,"          P/Invoke 'mesh_ray_intersect' résolu en 'mesh_ray_intersect!StereoKitC.dll' à partir de 'StereoKitC.dll'."
"Message",Normal,"          P/Invoke 'mesh_gen_plane' résolu en 'mesh_gen_plane!StereoKitC.dll' à partir de 'StereoKitC.dll'."
"Message",Normal,"          P/Invoke 'mesh_gen_cube' résolu en 'mesh_gen_cube!StereoKitC.dll' à partir de 'StereoKitC.dll'."
"Message",Normal,"          P/Invoke 'mesh_gen_sphere' résolu en 'mesh_gen_sphere!StereoKitC.dll' à partir de 'StereoKitC.dll'."
"Message",Normal,"          P/Invoke 'mesh_gen_rounded_cube' résolu en 'mesh_gen_rounded_cube!StereoKitC.dll' à partir de 'StereoKitC.dll'."
"Message",Normal,"          P/Invoke 'mesh_gen_cylinder' résolu en 'mesh_gen_cylinder!StereoKitC.dll' à partir de 'StereoKitC.dll'."
"Message",Normal,"          P/Invoke 'tex_find' résolu en 'tex_find!StereoKitC.dll' à partir de 'StereoKitC.dll'."
"Message",Normal,"          P/Invoke 'tex_create' résolu en 'tex_create!StereoKitC.dll' à partir de 'StereoKitC.dll'."
"Message",Normal,"          P/Invoke 'tex_create_mem' résolu en 'tex_create_mem!StereoKitC.dll' à partir de 'StereoKitC.dll'."
"Message",Normal,"          P/Invoke 'tex_create_file' résolu en 'tex_create_file!StereoKitC.dll' à partir de 'StereoKitC.dll'."
"Message",Normal,"          P/Invoke 'tex_create_cubemap_file' résolu en 'tex_create_cubemap_file!StereoKitC.dll' à partir de 'StereoKitC.dll'."
"Message",Normal,"          P/Invoke 'tex_create_cubemap_file' résolu en 'tex_create_cubemap_file!StereoKitC.dll' à partir de 'StereoKitC.dll'."
"Message",Normal,"          P/Invoke 'tex_create_cubemap_files' résolu en 'tex_create_cubemap_files!StereoKitC.dll' à partir de 'StereoKitC.dll'."
"Message",Normal,"          P/Invoke 'tex_create_cubemap_files' résolu en 'tex_create_cubemap_files!StereoKitC.dll' à partir de 'StereoKitC.dll'."
"Message",Normal,"          P/Invoke 'tex_set_id' résolu en 'tex_set_id!StereoKitC.dll' à partir de 'StereoKitC.dll'."
"Message",Normal,"          P/Invoke 'tex_release' résolu en 'tex_release!StereoKitC.dll' à partir de 'StereoKitC.dll'."
"Message",Normal,"          P/Invoke 'tex_set_colors' résolu en 'tex_set_colors!StereoKitC.dll' à partir de 'StereoKitC.dll'."
"Message",Normal,"          P/Invoke 'tex_set_colors' résolu en 'tex_set_colors!StereoKitC.dll' à partir de 'StereoKitC.dll'."
"Message",Normal,"          P/Invoke 'tex_set_colors' résolu en 'tex_set_colors!StereoKitC.dll' à partir de 'StereoKitC.dll'."
"Message",Normal,"          P/Invoke 'tex_set_colors' résolu en 'tex_set_colors!StereoKitC.dll' à partir de 'StereoKitC.dll'."
"Message",Normal,"          P/Invoke 'tex_set_colors' résolu en 'tex_set_colors!StereoKitC.dll' à partir de 'StereoKitC.dll'."
"Message",Normal,"          P/Invoke 'tex_set_colors' résolu en 'tex_set_colors!StereoKitC.dll' à partir de 'StereoKitC.dll'."
"Message",Normal,"          P/Invoke 'tex_add_zbuffer' résolu en 'tex_add_zbuffer!StereoKitC.dll' à partir de 'StereoKitC.dll'."
"Message",Normal,"          P/Invoke 'tex_rtarget_clear' résolu en 'tex_rtarget_clear!StereoKitC.dll' à partir de 'StereoKitC.dll'."
"Message",Normal,"          P/Invoke 'tex_rtarget_set_active' résolu en 'tex_rtarget_set_active!StereoKitC.dll' à partir de 'StereoKitC.dll'."
"Message",Normal,"          P/Invoke 'tex_gen_cubemap' résolu en 'tex_gen_cubemap!StereoKitC.dll' à partir de 'StereoKitC.dll'."
"Message",Normal,"          P/Invoke 'tex_gen_cubemap' résolu en 'tex_gen_cubemap!StereoKitC.dll' à partir de 'StereoKitC.dll'."
"Message",Normal,"          P/Invoke 'tex_gen_cubemap_sh' résolu en 'tex_gen_cubemap_sh!StereoKitC.dll' à partir de 'StereoKitC.dll'."
"Message",Normal,"          P/Invoke 'tex_get_format' résolu en 'tex_get_format!StereoKitC.dll' à partir de 'StereoKitC.dll'."
"Message",Normal,"          P/Invoke 'tex_get_width' résolu en 'tex_get_width!StereoKitC.dll' à partir de 'StereoKitC.dll'."
"Message",Normal,"          P/Invoke 'tex_get_height' résolu en 'tex_get_height!StereoKitC.dll' à partir de 'StereoKitC.dll'."
"Message",Normal,"          P/Invoke 'tex_set_sample' résolu en 'tex_set_sample!StereoKitC.dll' à partir de 'StereoKitC.dll'."
"Message",Normal,"          P/Invoke 'tex_get_sample' résolu en 'tex_get_sample!StereoKitC.dll' à partir de 'StereoKitC.dll'."
"Message",Normal,"          P/Invoke 'tex_set_address' résolu en 'tex_set_address!StereoKitC.dll' à partir de 'StereoKitC.dll'."
"Message",Normal,"          P/Invoke 'tex_get_address' résolu en 'tex_get_address!StereoKitC.dll' à partir de 'StereoKitC.dll'."
"Message",Normal,"          P/Invoke 'tex_set_anisotropy' résolu en 'tex_set_anisotropy!StereoKitC.dll' à partir de 'StereoKitC.dll'."
"Message",Normal,"          P/Invoke 'tex_get_anisotropy' résolu en 'tex_get_anisotropy!StereoKitC.dll' à partir de 'StereoKitC.dll'."
"Message",Normal,"          P/Invoke 'font_find' résolu en 'font_find!StereoKitC.dll' à partir de 'StereoKitC.dll'."
"Message",Normal,"          P/Invoke 'font_create' résolu en 'font_create!StereoKitC.dll' à partir de 'StereoKitC.dll'."
"Message",Normal,"          P/Invoke 'font_release' résolu en 'font_release!StereoKitC.dll' à partir de 'StereoKitC.dll'."
"Message",Normal,"          P/Invoke 'font_get_tex' résolu en 'font_get_tex!StereoKitC.dll' à partir de 'StereoKitC.dll'."
"Message",Normal,"          P/Invoke 'shader_find' résolu en 'shader_find!StereoKitC.dll' à partir de 'StereoKitC.dll'."
"Message",Normal,"          P/Invoke 'shader_compile' résolu en 'shader_compile!StereoKitC.dll' à partir de 'StereoKitC.dll'."
"Message",Normal,"          P/Invoke 'shader_compile' résolu en 'shader_compile!StereoKitC.dll' à partir de 'StereoKitC.dll'."
"Message",Normal,"          P/Invoke 'shader_create_file' résolu en 'shader_create_file!StereoKitC.dll' à partir de 'StereoKitC.dll'."
"Message",Normal,"          P/Invoke 'shader_create_hlsl' résolu en 'shader_create_hlsl!StereoKitC.dll' à partir de 'StereoKitC.dll'."
"Message",Normal,"          P/Invoke 'shader_create_mem' résolu en 'shader_create_mem!StereoKitC.dll' à partir de 'StereoKitC.dll'."
"Message",Normal,"          P/Invoke 'shader_set_id' résolu en 'shader_set_id!StereoKitC.dll' à partir de 'StereoKitC.dll'."
"Message",Normal,"          P/Invoke 'shader_get_name' résolu en 'shader_get_name!StereoKitC.dll' à partir de 'StereoKitC.dll'."
"Message",Normal,"          P/Invoke 'shader_set_code' résolu en 'shader_set_code!StereoKitC.dll' à partir de 'StereoKitC.dll'."
"Message",Normal,"          P/Invoke 'shader_set_codefile' résolu en 'shader_set_codefile!StereoKitC.dll' à partir de 'StereoKitC.dll'."
"Message",Normal,"          P/Invoke 'shader_release' résolu en 'shader_release!StereoKitC.dll' à partir de 'StereoKitC.dll'."
"Message",Normal,"          P/Invoke 'material_find' résolu en 'material_find!StereoKitC.dll' à partir de 'StereoKitC.dll'."
"Message",Normal,"          P/Invoke 'material_create' résolu en 'material_create!StereoKitC.dll' à partir de 'StereoKitC.dll'."
"Message",Normal,"          P/Invoke 'material_copy' résolu en 'material_copy!StereoKitC.dll' à partir de 'StereoKitC.dll'."
"Message",Normal,"          P/Invoke 'material_copy_id' résolu en 'material_copy_id!StereoKitC.dll' à partir de 'StereoKitC.dll'."
"Message",Normal,"          P/Invoke 'material_set_id' résolu en 'material_set_id!StereoKitC.dll' à partir de 'StereoKitC.dll'."
"Message",Normal,"          P/Invoke 'material_release' résolu en 'material_release!StereoKitC.dll' à partir de 'StereoKitC.dll'."
"Message",Normal,"          P/Invoke 'material_set_transparency' résolu en 'material_set_transparency!StereoKitC.dll' à partir de 'StereoKitC.dll'."
"Message",Normal,"          P/Invoke 'material_set_cull' résolu en 'material_set_cull!StereoKitC.dll' à partir de 'StereoKitC.dll'."
"Message",Normal,"          P/Invoke 'material_set_wireframe' résolu en 'material_set_wireframe!StereoKitC.dll' à partir de 'StereoKitC.dll'."
"Message",Normal,"          P/Invoke 'material_set_queue_offset' résolu en 'material_set_queue_offset!StereoKitC.dll' à partir de 'StereoKitC.dll'."
"Message",Normal,"          P/Invoke 'material_set_float' résolu en 'material_set_float!StereoKitC.dll' à partir de 'StereoKitC.dll'."
"Message",Normal,"          P/Invoke 'material_set_color' résolu en 'material_set_color!StereoKitC.dll' à partir de 'StereoKitC.dll'."
"Message",Normal,"          P/Invoke 'material_set_vector' résolu en 'material_set_vector!StereoKitC.dll' à partir de 'StereoKitC.dll'."
"Message",Normal,"          P/Invoke 'material_set_matrix' résolu en 'material_set_matrix!StereoKitC.dll' à partir de 'StereoKitC.dll'."
"Message",Normal,"          P/Invoke 'material_set_texture' résolu en 'material_set_texture!StereoKitC.dll' à partir de 'StereoKitC.dll'."
"Message",Normal,"          P/Invoke 'material_set_texture_id' résolu en 'material_set_texture_id!StereoKitC.dll' à partir de 'StereoKitC.dll'."
"Message",Normal,"          P/Invoke 'material_get_param_info' résolu en 'material_get_param_info!StereoKitC.dll' à partir de 'StereoKitC.dll'."
"Message",Normal,"          P/Invoke 'material_get_param_count' résolu en 'material_get_param_count!StereoKitC.dll' à partir de 'StereoKitC.dll'."
"Message",Normal,"          P/Invoke 'material_set_shader' résolu en 'material_set_shader!StereoKitC.dll' à partir de 'StereoKitC.dll'."
"Message",Normal,"          P/Invoke 'material_get_shader' résolu en 'material_get_shader!StereoKitC.dll' à partir de 'StereoKitC.dll'."
"Message",Normal,"          P/Invoke 'text_make_style' résolu en 'text_make_style!StereoKitC.dll' à partir de 'StereoKitC.dll'."
"Message",Normal,"          P/Invoke 'text_add_at' résolu en 'text_add_at!StereoKitC.dll' à partir de 'StereoKitC.dll'."
"Message",Normal,"          P/Invoke 'text_add_in' résolu en 'text_add_in!StereoKitC.dll' à partir de 'StereoKitC.dll'."
"Message",Normal,"          P/Invoke 'text_size' résolu en 'text_size!StereoKitC.dll' à partir de 'StereoKitC.dll'."
"Message",Normal,"          P/Invoke 'solid_create' résolu en 'solid_create!StereoKitC.dll' à partir de 'StereoKitC.dll'."
"Message",Normal,"          P/Invoke 'solid_release' résolu en 'solid_release!StereoKitC.dll' à partir de 'StereoKitC.dll'."
"Message",Normal,"          P/Invoke 'solid_add_sphere' résolu en 'solid_add_sphere!StereoKitC.dll' à partir de 'StereoKitC.dll'."
"Message",Normal,"          P/Invoke 'solid_add_box' résolu en 'solid_add_box!StereoKitC.dll' à partir de 'StereoKitC.dll'."
"Message",Normal,"          P/Invoke 'solid_add_capsule' résolu en 'solid_add_capsule!StereoKitC.dll' à partir de 'StereoKitC.dll'."
"Message",Normal,"          P/Invoke 'solid_set_type' résolu en 'solid_set_type!StereoKitC.dll' à partir de 'StereoKitC.dll'."
"Message",Normal,"          P/Invoke 'solid_set_enabled' résolu en 'solid_set_enabled!StereoKitC.dll' à partir de 'StereoKitC.dll'."
"Message",Normal,"          P/Invoke 'solid_move' résolu en 'solid_move!StereoKitC.dll' à partir de 'StereoKitC.dll'."
"Message",Normal,"          P/Invoke 'solid_teleport' résolu en 'solid_teleport!StereoKitC.dll' à partir de 'StereoKitC.dll'."
"Message",Normal,"          P/Invoke 'solid_set_velocity' résolu en 'solid_set_velocity!StereoKitC.dll' à partir de 'StereoKitC.dll'."
"Message",Normal,"          P/Invoke 'solid_set_velocity_ang' résolu en 'solid_set_velocity_ang!StereoKitC.dll' à partir de 'StereoKitC.dll'."
"Message",Normal,"          P/Invoke 'solid_get_pose' résolu en 'solid_get_pose!StereoKitC.dll' à partir de 'StereoKitC.dll'."
"Message",Normal,"          P/Invoke 'model_find' résolu en 'model_find!StereoKitC.dll' à partir de 'StereoKitC.dll'."
"Message",Normal,"          P/Invoke 'model_create' résolu en 'model_create!StereoKitC.dll' à partir de 'StereoKitC.dll'."
"Message",Normal,"          P/Invoke 'model_create_mesh' résolu en 'model_create_mesh!StereoKitC.dll' à partir de 'StereoKitC.dll'."
"Message",Normal,"          P/Invoke 'model_create_mem' résolu en 'model_create_mem!StereoKitC.dll' à partir de 'StereoKitC.dll'."
"Message",Normal,"          P/Invoke 'model_create_file' résolu en 'model_create_file!StereoKitC.dll' à partir de 'StereoKitC.dll'."
"Message",Normal,"          P/Invoke 'model_set_id' résolu en 'model_set_id!StereoKitC.dll' à partir de 'StereoKitC.dll'."
"Message",Normal,"          P/Invoke 'model_release' résolu en 'model_release!StereoKitC.dll' à partir de 'StereoKitC.dll'."
"Message",Normal,"          P/Invoke 'model_get_material' résolu en 'model_get_material!StereoKitC.dll' à partir de 'StereoKitC.dll'."
"Message",Normal,"          P/Invoke 'model_get_mesh' résolu en 'model_get_mesh!StereoKitC.dll' à partir de 'StereoKitC.dll'."
"Message",Normal,"          P/Invoke 'model_get_transform' résolu en 'model_get_transform!StereoKitC.dll' à partir de 'StereoKitC.dll'."
"Message",Normal,"          P/Invoke 'model_set_material' résolu en 'model_set_material!StereoKitC.dll' à partir de 'StereoKitC.dll'."
"Message",Normal,"          P/Invoke 'model_set_mesh' résolu en 'model_set_mesh!StereoKitC.dll' à partir de 'StereoKitC.dll'."
"Message",Normal,"          P/Invoke 'model_set_transform' résolu en 'model_set_transform!StereoKitC.dll' à partir de 'StereoKitC.dll'."
"Message",Normal,"          P/Invoke 'model_remove_subset' résolu en 'model_remove_subset!StereoKitC.dll' à partir de 'StereoKitC.dll'."
"Message",Normal,"          P/Invoke 'model_add_subset' résolu en 'model_add_subset!StereoKitC.dll' à partir de 'StereoKitC.dll'."
"Message",Normal,"          P/Invoke 'model_subset_count' résolu en 'model_subset_count!StereoKitC.dll' à partir de 'StereoKitC.dll'."
"Message",Normal,"          P/Invoke 'model_recalculate_bounds' résolu en 'model_recalculate_bounds!StereoKitC.dll' à partir de 'StereoKitC.dll'."
"Message",Normal,"          P/Invoke 'model_set_bounds' résolu en 'model_set_bounds!StereoKitC.dll' à partir de 'StereoKitC.dll'."
"Message",Normal,"          P/Invoke 'model_get_bounds' résolu en 'model_get_bounds!StereoKitC.dll' à partir de 'StereoKitC.dll'."
"Message",Normal,"          P/Invoke 'sprite_create' résolu en 'sprite_create!StereoKitC.dll' à partir de 'StereoKitC.dll'."
"Message",Normal,"          P/Invoke 'sprite_create_file' résolu en 'sprite_create_file!StereoKitC.dll' à partir de 'StereoKitC.dll'."
"Message",Normal,"          P/Invoke 'sprite_set_id' résolu en 'sprite_set_id!StereoKitC.dll' à partir de 'StereoKitC.dll'."
"Message",Normal,"          P/Invoke 'sprite_release' résolu en 'sprite_release!StereoKitC.dll' à partir de 'StereoKitC.dll'."
"Message",Normal,"          P/Invoke 'sprite_get_aspect' résolu en 'sprite_get_aspect!StereoKitC.dll' à partir de 'StereoKitC.dll'."
"Message",Normal,"          P/Invoke 'sprite_draw' résolu en 'sprite_draw!StereoKitC.dll' à partir de 'StereoKitC.dll'."
"Message",Normal,"          P/Invoke 'sprite_get_width' résolu en 'sprite_get_width!StereoKitC.dll' à partir de 'StereoKitC.dll'."
"Message",Normal,"          P/Invoke 'sprite_get_height' résolu en 'sprite_get_height!StereoKitC.dll' à partir de 'StereoKitC.dll'."
"Message",Normal,"          P/Invoke 'sprite_get_dimensions_normalized' résolu en 'sprite_get_dimensions_normalized!StereoKitC.dll' à partir de 'StereoKitC.dll'."
"Message",Normal,"          P/Invoke 'line_add' résolu en 'line_add!StereoKitC.dll' à partir de 'StereoKitC.dll'."
"Message",Normal,"          P/Invoke 'line_add_listv' résolu en 'line_add_listv!StereoKitC.dll' à partir de 'StereoKitC.dll'."
"Message",Normal,"          P/Invoke 'render_set_clip' résolu en 'render_set_clip!StereoKitC.dll' à partir de 'StereoKitC.dll'."
"Message",Normal,"          P/Invoke 'render_get_cam_root' résolu en 'render_get_cam_root!StereoKitC.dll' à partir de 'StereoKitC.dll'."
"Message",Normal,"          P/Invoke 'render_set_cam_root' résolu en 'render_set_cam_root!StereoKitC.dll' à partir de 'StereoKitC.dll'."
"Message",Normal,"          P/Invoke 'render_set_skytex' résolu en 'render_set_skytex!StereoKitC.dll' à partir de 'StereoKitC.dll'."
"Message",Normal,"          P/Invoke 'render_get_skytex' résolu en 'render_get_skytex!StereoKitC.dll' à partir de 'StereoKitC.dll'."
"Message",Normal,"          P/Invoke 'render_set_skylight' résolu en 'render_set_skylight!StereoKitC.dll' à partir de 'StereoKitC.dll'."
"Message",Normal,"          P/Invoke 'render_enable_skytex' résolu en 'render_enable_skytex!StereoKitC.dll' à partir de 'StereoKitC.dll'."
"Message",Normal,"          P/Invoke 'render_enabled_skytex' résolu en 'render_enabled_skytex!StereoKitC.dll' à partir de 'StereoKitC.dll'."
"Message",Normal,"          P/Invoke 'render_add_mesh' résolu en 'render_add_mesh!StereoKitC.dll' à partir de 'StereoKitC.dll'."
"Message",Normal,"          P/Invoke 'render_add_model' résolu en 'render_add_model!StereoKitC.dll' à partir de 'StereoKitC.dll'."
"Message",Normal,"          P/Invoke 'render_blit' résolu en 'render_blit!StereoKitC.dll' à partir de 'StereoKitC.dll'."
"Message",Normal,"          P/Invoke 'render_screenshot' résolu en 'render_screenshot!StereoKitC.dll' à partir de 'StereoKitC.dll'."
"Message",Normal,"          P/Invoke 'hierarchy_push' résolu en 'hierarchy_push!StereoKitC.dll' à partir de 'StereoKitC.dll'."
"Message",Normal,"          P/Invoke 'hierarchy_pop' résolu en 'hierarchy_pop!StereoKitC.dll' à partir de 'StereoKitC.dll'."
"Message",Normal,"          P/Invoke 'hierarchy_set_enabled' résolu en 'hierarchy_set_enabled!StereoKitC.dll' à partir de 'StereoKitC.dll'."
"Message",Normal,"          P/Invoke 'hierarchy_is_enabled' résolu en 'hierarchy_is_enabled!StereoKitC.dll' à partir de 'StereoKitC.dll'."
"Message",Normal,"          P/Invoke 'hierarchy_to_local_point' résolu en 'hierarchy_to_local_point!StereoKitC.dll' à partir de 'StereoKitC.dll'."
"Message",Normal,"          P/Invoke 'hierarchy_to_local_direction' résolu en 'hierarchy_to_local_direction!StereoKitC.dll' à partir de 'StereoKitC.dll'."
"Message",Normal,"          P/Invoke 'hierarchy_to_local_rotation' résolu en 'hierarchy_to_local_rotation!StereoKitC.dll' à partir de 'StereoKitC.dll'."
"Message",Normal,"          P/Invoke 'hierarchy_to_world_point' résolu en 'hierarchy_to_world_point!StereoKitC.dll' à partir de 'StereoKitC.dll'."
"Message",Normal,"          P/Invoke 'hierarchy_to_world_direction' résolu en 'hierarchy_to_world_direction!StereoKitC.dll' à partir de 'StereoKitC.dll'."
"Message",Normal,"          P/Invoke 'hierarchy_to_world_rotation' résolu en 'hierarchy_to_world_rotation!StereoKitC.dll' à partir de 'StereoKitC.dll'."
"Message",Normal,"          P/Invoke 'sound_find' résolu en 'sound_find!StereoKitC.dll' à partir de 'StereoKitC.dll'."
"Message",Normal,"          P/Invoke 'sound_set_id' résolu en 'sound_set_id!StereoKitC.dll' à partir de 'StereoKitC.dll'."
"Message",Normal,"          P/Invoke 'sound_create' résolu en 'sound_create!StereoKitC.dll' à partir de 'StereoKitC.dll'."
"Message",Normal,"          P/Invoke 'sound_generate' résolu en 'sound_generate!StereoKitC.dll' à partir de 'StereoKitC.dll'."
"Message",Normal,"          P/Invoke 'sound_play' résolu en 'sound_play!StereoKitC.dll' à partir de 'StereoKitC.dll'."
"Message",Normal,"          P/Invoke 'sound_release' résolu en 'sound_release!StereoKitC.dll' à partir de 'StereoKitC.dll'."
"Message",Normal,"          P/Invoke 'input_pointer_count' résolu en 'input_pointer_count!StereoKitC.dll' à partir de 'StereoKitC.dll'."
"Message",Normal,"          P/Invoke 'input_pointer' résolu en 'input_pointer!StereoKitC.dll' à partir de 'StereoKitC.dll'."
"Message",Normal,"          P/Invoke 'input_hand' résolu en 'input_hand!StereoKitC.dll' à partir de 'StereoKitC.dll'."
"Message",Normal,"          P/Invoke 'input_hand_override' résolu en 'input_hand_override!StereoKitC.dll' à partir de 'StereoKitC.dll'."
"Message",Normal,"          P/Invoke 'input_hand_override' résolu en 'input_hand_override!StereoKitC.dll' à partir de 'StereoKitC.dll'."
"Message",Normal,"          P/Invoke 'input_mouse' résolu en 'input_mouse!StereoKitC.dll' à partir de 'StereoKitC.dll'."
"Message",Normal,"          P/Invoke 'input_head' résolu en 'input_head!StereoKitC.dll' à partir de 'StereoKitC.dll'."
"Message",Normal,"          P/Invoke 'input_key' résolu en 'input_key!StereoKitC.dll' à partir de 'StereoKitC.dll'."
"Message",Normal,"          P/Invoke 'input_hand_visible' résolu en 'input_hand_visible!StereoKitC.dll' à partir de 'StereoKitC.dll'."
"Message",Normal,"          P/Invoke 'input_hand_solid' résolu en 'input_hand_solid!StereoKitC.dll' à partir de 'StereoKitC.dll'."
"Message",Normal,"          P/Invoke 'input_hand_material' résolu en 'input_hand_material!StereoKitC.dll' à partir de 'StereoKitC.dll'."
"Message",Normal,"          P/Invoke 'input_subscribe' résolu en 'input_subscribe!StereoKitC.dll' à partir de 'StereoKitC.dll'."
"Message",Normal,"          P/Invoke 'input_unsubscribe' résolu en 'input_unsubscribe!StereoKitC.dll' à partir de 'StereoKitC.dll'."
"Message",Normal,"          P/Invoke 'input_fire_event' résolu en 'input_fire_event!StereoKitC.dll' à partir de 'StereoKitC.dll'."
"Message",Normal,"          P/Invoke 'log_write' résolu en 'log_write!StereoKitC.dll' à partir de 'StereoKitC.dll'."
"Message",Normal,"          P/Invoke 'log_set_filter' résolu en 'log_set_filter!StereoKitC.dll' à partir de 'StereoKitC.dll'."
"Message",Normal,"          P/Invoke 'log_subscribe' résolu en 'log_subscribe!StereoKitC.dll' à partir de 'StereoKitC.dll'."
"Message",Normal,"          P/Invoke 'log_unsubscribe' résolu en 'log_unsubscribe!StereoKitC.dll' à partir de 'StereoKitC.dll'."
"Message",Normal,"          P/Invoke 'ui_show_volumes' résolu en 'ui_show_volumes!StereoKitC.dll' à partir de 'StereoKitC.dll'."
"Message",Normal,"          P/Invoke 'ui_settings' résolu en 'ui_settings!StereoKitC.dll' à partir de 'StereoKitC.dll'."
"Message",Normal,"          P/Invoke 'ui_set_color' résolu en 'ui_set_color!StereoKitC.dll' à partir de 'StereoKitC.dll'."
"Message",Normal,"          P/Invoke 'ui_layout_area' résolu en 'ui_layout_area!StereoKitC.dll' à partir de 'StereoKitC.dll'."
"Message",Normal,"          P/Invoke 'ui_area_remaining' résolu en 'ui_area_remaining!StereoKitC.dll' à partir de 'StereoKitC.dll'."
"Message",Normal,"          P/Invoke 'ui_nextline' résolu en 'ui_nextline!StereoKitC.dll' à partir de 'StereoKitC.dll'."
"Message",Normal,"          P/Invoke 'ui_sameline' résolu en 'ui_sameline!StereoKitC.dll' à partir de 'StereoKitC.dll'."
"Message",Normal,"          P/Invoke 'ui_line_height' résolu en 'ui_line_height!StereoKitC.dll' à partir de 'StereoKitC.dll'."
"Message",Normal,"          P/Invoke 'ui_reserve_box' résolu en 'ui_reserve_box!StereoKitC.dll' à partir de 'StereoKitC.dll'."
"Message",Normal,"          P/Invoke 'ui_space' résolu en 'ui_space!StereoKitC.dll' à partir de 'StereoKitC.dll'."
"Message",Normal,"          P/Invoke 'ui_push_id' résolu en 'ui_push_id!StereoKitC.dll' à partir de 'StereoKitC.dll'."
"Message",Normal,"          P/Invoke 'ui_pop_id' résolu en 'ui_pop_id!StereoKitC.dll' à partir de 'StereoKitC.dll'."
"Message",Normal,"          P/Invoke 'ui_is_interacting' résolu en 'ui_is_interacting!StereoKitC.dll' à partir de 'StereoKitC.dll'."
"Message",Normal,"          P/Invoke 'ui_volume_at' résolu en 'ui_volume_at!StereoKitC.dll' à partir de 'StereoKitC.dll'."
"Message",Normal,"          P/Invoke 'ui_interact_volume_at' résolu en 'ui_interact_volume_at!StereoKitC.dll' à partir de 'StereoKitC.dll'."
"Message",Normal,"          P/Invoke 'ui_button_at' résolu en 'ui_button_at!StereoKitC.dll' à partir de 'StereoKitC.dll'."
"Message",Normal,"          P/Invoke 'ui_button_round_at' résolu en 'ui_button_round_at!StereoKitC.dll' à partir de 'StereoKitC.dll'."
"Message",Normal,"          P/Invoke 'ui_toggle_at' résolu en 'ui_toggle_at!StereoKitC.dll' à partir de 'StereoKitC.dll'."
"Message",Normal,"          P/Invoke 'ui_hslider_at' résolu en 'ui_hslider_at!StereoKitC.dll' à partir de 'StereoKitC.dll'."
"Message",Normal,"          P/Invoke 'ui_label' résolu en 'ui_label!StereoKitC.dll' à partir de 'StereoKitC.dll'."
"Message",Normal,"          P/Invoke 'ui_label_sz' résolu en 'ui_label_sz!StereoKitC.dll' à partir de 'StereoKitC.dll'."
"Message",Normal,"          P/Invoke 'ui_image' résolu en 'ui_image!StereoKitC.dll' à partir de 'StereoKitC.dll'."
"Message",Normal,"          P/Invoke 'ui_button' résolu en 'ui_button!StereoKitC.dll' à partir de 'StereoKitC.dll'."
"Message",Normal,"          P/Invoke 'ui_button_sz' résolu en 'ui_button_sz!StereoKitC.dll' à partir de 'StereoKitC.dll'."
"Message",Normal,"          P/Invoke 'ui_button_round' résolu en 'ui_button_round!StereoKitC.dll' à partir de 'StereoKitC.dll'."
"Message",Normal,"          P/Invoke 'ui_toggle' résolu en 'ui_toggle!StereoKitC.dll' à partir de 'StereoKitC.dll'."
"Message",Normal,"          P/Invoke 'ui_toggle_sz' résolu en 'ui_toggle_sz!StereoKitC.dll' à partir de 'StereoKitC.dll'."
"Message",Normal,"          P/Invoke 'ui_input' résolu en 'ui_input!StereoKitC.dll' à partir de 'StereoKitC.dll'."
"Message",Normal,"          P/Invoke 'ui_hslider' résolu en 'ui_hslider!StereoKitC.dll' à partir de 'StereoKitC.dll'."
"Message",Normal,"          P/Invoke 'ui_handle_begin' résolu en 'ui_handle_begin!StereoKitC.dll' à partir de 'StereoKitC.dll'."
"Message",Normal,"          P/Invoke 'ui_handle_end' résolu en 'ui_handle_end!StereoKitC.dll' à partir de 'StereoKitC.dll'."
"Message",Normal,"          P/Invoke 'ui_window_begin' résolu en 'ui_window_begin!StereoKitC.dll' à partir de 'StereoKitC.dll'."
"Message",Normal,"          P/Invoke 'ui_window_end' résolu en 'ui_window_end!StereoKitC.dll' à partir de 'StereoKitC.dll'."
"Message",Normal,"          P/Invoke 'GetStdHandle' résolu en 'GetStdHandle!kernel32.dll' à partir de 'SupportedAPIs.xml'."
"Message",Normal,"          P/Invoke 'GetConsoleMode' résolu en 'GetConsoleMode!kernel32.dll' à partir de 'SupportedAPIs.xml'."
"Message",Normal,"          P/Invoke 'SetConsoleMode' résolu en 'SetConsoleMode!kernel32.dll' à partir de 'SupportedAPIs.xml'."
"Message",Normal,"          P/Invoke 'RhpGetFuncEvalParameterBufferSize' avec [DllImport(ExactSpelling=true)] a été résolu en '[MRT]!RhpGetFuncEvalParameterBufferSize'."
"Message",Normal,"          P/Invoke 'RhpGetFuncEvalMode' avec [DllImport(ExactSpelling=true)] a été résolu en '[MRT]!RhpGetFuncEvalMode'."
"Message",Normal,"          P/Invoke 'RhpRecordDebuggeeInitiatedHandle' avec [DllImport(ExactSpelling=true)] a été résolu en '[MRT]!RhpRecordDebuggeeInitiatedHandle'."
"Message",Normal,"          P/Invoke 'RhpVerifyDebuggerCleanup' avec [DllImport(ExactSpelling=true)] a été résolu en '[MRT]!RhpVerifyDebuggerCleanup'."
"Message",Normal,"          P/Invoke 'RhpGetCurrentThread' avec [DllImport(ExactSpelling=true)] a été résolu en '[MRT]!RhpGetCurrentThread'."
"Message",Normal,"          P/Invoke 'RhWaitForPendingFinalizers' avec [DllImport(ExactSpelling=true)] a été résolu en '[MRT]!RhWaitForPendingFinalizers'."
"Message",Normal,"          P/Invoke 'RhYield' avec [DllImport(ExactSpelling=true)] a été résolu en '[MRT]!RhYield'."
"Message",Normal,"          P/Invoke 'RhFlushProcessWriteBuffers' avec [DllImport(ExactSpelling=true)] a été résolu en '[MRT]!RhFlushProcessWriteBuffers'."
"Message",Normal,"          P/Invoke 'RhCompatibleReentrantWaitAny' avec [DllImport(ExactSpelling=true)] a été résolu en '[MRT]!RhCompatibleReentrantWaitAny'."
"Message",Normal,"          P/Invoke 'RhCallDescrWorker' avec [DllImport(ExactSpelling=true)] a été résolu en '[MRT]!RhCallDescrWorker'."
"Message",Normal,"          P/Invoke '_ecvt_s' avec [DllImport(ExactSpelling=true)] a été résolu en '[MRT]!_ecvt_s'."
"Message",Normal,"          P/Invoke 'memmove' avec [DllImport(ExactSpelling=true)] a été résolu en '[MRT]!memmove'."
"Message",Normal,"          P/Invoke 'memset' avec [DllImport(ExactSpelling=true)] a été résolu en '[MRT]!memset'."
"Message",Normal,"          P/Invoke 'CallingConventionConverter_GetStubs' avec [DllImport(ExactSpelling=true)] a été résolu en '*!CallingConventionConverter_GetStubs'."
"Message",Normal,"          P/Invoke 'WindowsCreateStringReference' résolu en 'WindowsCreateStringReference!api-ms-win-core-winrt-string-l1-1-0.dll' à partir de 'SupportedAPIs.xml'."
"Message",Normal,"          P/Invoke 'GetLastError' résolu en 'GetLastError!api-ms-win-core-errorhandling-l1-1-0.dll' à partir de 'SupportedAPIs.xml'."
"Message",Normal,"          P/Invoke 'SetLastError' résolu en 'SetLastError!api-ms-win-core-errorhandling-l1-1-0.dll' à partir de 'SupportedAPIs.xml'."
"Message",Normal,"          P/Invoke 'RoInitialize' résolu en 'RoInitialize!api-ms-win-core-winrt-l1-1-0.dll' à partir de 'SupportedAPIs.xml'."
"Message",Normal,"          P/Invoke 'IsValidLocaleName' résolu en 'IsValidLocaleName!api-ms-win-core-localization-l1-2-0.dll' à partir de 'SupportedAPIs.xml'."
"Message",Normal,"          P/Invoke 'ResolveLocaleName' résolu en 'ResolveLocaleName!api-ms-win-core-localization-l1-2-0.dll' à partir de 'SupportedAPIs.xml'."
"Message",Normal,"          P/Invoke 'GetCPInfoExW' résolu en 'GetCPInfoExW!kernel32.dll' à partir de 'SupportedAPIs.xml'."
"Message",Normal,"          P/Invoke 'RoGetBufferMarshaler' résolu en 'RoGetBufferMarshaler!api-ms-win-core-winrt-robuffer-l1-1-0.dll' à partir de 'SupportedAPIs.xml'."
"Message",Normal,"          P/Invoke 'CoCreateInstance' résolu en 'CoCreateInstance!api-ms-win-core-com-l1-1-0.dll' à partir de 'SupportedAPIs.xml'."
"Message",Normal,"          P/Invoke 'SysFreeString' résolu en 'SysFreeString!OleAut32' à partir de 'SupportedAPIs.xml'."
"Message",Normal,"          P/Invoke 'CloseHandle' résolu en 'CloseHandle!kernel32.dll' à partir de 'SupportedAPIs.xml'."
"Message",Normal,"          P/Invoke 'SetThreadErrorMode' résolu en 'SetThreadErrorMode!kernel32.dll' à partir de 'SupportedAPIs.xml'."
"Message",Normal,"          P/Invoke 'GetFileInformationByHandleEx' résolu en 'GetFileInformationByHandleEx!kernel32.dll' à partir de 'SupportedAPIs.xml'."
"Message",Normal,"          P/Invoke 'CreateFile2' résolu en 'CreateFile2!kernel32.dll' à partir de 'SupportedAPIs.xml'."
"Message",Normal,"          P/Invoke 'GetFileAttributesExW' résolu en 'GetFileAttributesExW!kernel32.dll' à partir de 'SupportedAPIs.xml'."
"Message",Normal,"          P/Invoke 'FindFirstFileExW' résolu en 'FindFirstFileExW!kernel32.dll' à partir de 'SupportedAPIs.xml'."
"Message",Normal,"          P/Invoke 'FormatMessageW' résolu en 'FormatMessageW!kernel32.dll' à partir de 'SupportedAPIs.xml'."
"Message",Normal,"          P/Invoke 'FindClose' résolu en 'FindClose!kernel32.dll' à partir de 'SupportedAPIs.xml'."
"Message",High,"  Génération du code..."
"Message",High,"  Code interop généré."
"Message",Normal,"  Code écrit dans AssemblyInfo.g.cs"
"Message",Normal,"  Code écrit dans Adapters.g.cs"
"Message",Normal,"  Code écrit dans Data.g.cs"
"Message",Normal,"  Code écrit dans Helpers.g.cs"
"Message",Normal,"  Code écrit dans ImplTypes.g.cs"
"Message",Normal,"  Code écrit dans PInvoke.g.cs"
"Message",Normal,"  Code écrit dans SafeTypes.g.cs"
"Message",Normal,"  Code écrit dans SharedStubs.g.cs"
"Message",Normal,"Exécution de la transformation 'GenerateCodeAndCompile', tas à 203 Mo."
"Message",High,"Compilation du code interop"
"Message",Normal,"Compilation du code source généré : C:\Users\Anthony\.nuget\packages\microsoft.net.native.compiler\2.2.7-rel-27913-00\tools\csc\csc.exe /noconfig @""C:\Users\Anthony\Source\Repos\GoalFormulationAssistanceAR\Hololens\Projects\ContextualAssistanceV2\obj\x64\Debug\ilc\intermediate\ContextualAssistanceV2.McgInterop.rsp"""
"Message",High,"Génération du code proxy System.Reflection.DispatchProxy."
"Message",Normal,"Exécution de la transformation 'ReducedCopyInitialize', tas à 203 Mo."
"Message",Normal,"Exécution de la transformation 'ReducedCopyEmptyTypes', tas à 223 Mo."
"Message",Normal,"Exécution de la transformation 'ReducedCopyPopulateTypes', tas à 225 Mo."
"Message",Normal,"Exécution de la transformation 'ReducedCopyLateMetadata', tas à 238 Mo."
"Message",Normal,"Exécution de la transformation 'ReducedCopyPassResourcesToMutableAssembly', tas à 162 Mo."
"Message",Normal,"Exécution de la transformation 'ReducedCopyMethodBodies', tas à 162 Mo."
"Message",Normal,"Exécution de la transformation 'ReducedCopyComplete', tas à 176 Mo."
"Message",Normal,"Exécution de la transformation 'ReducedCopyCleanup', tas à 211 Mo."
"Message",Normal,"Exécution de la transformation 'ComImportDetector', tas à 41 Mo."
"Message",Normal,"Exécution de la transformation 'McgAccessor', tas à 41 Mo."
"Message",Normal,"Exécution de la transformation 'McgRedirect', tas à 41 Mo."
"Message",Normal,"Exécution de la transformation 'McgRedirect', tas à 43 Mo."
"Message",Normal,"Exécution de la transformation 'McgTypeOf', tas à 44 Mo."
"Message",Normal,"Exécution de la transformation 'EventSource', tas à 46 Mo."
"Message",Normal,"Exécution de la transformation 'ValueType', tas à 47 Mo."
"Message",Normal,"Exécution de la transformation 'Attribute', tas à 47 Mo."
"Message",Normal,"Exécution de la transformation 'GetType', tas à 47 Mo."
"Message",Normal,"Exécution de la transformation 'McgFixups', tas à 47 Mo."
"Message",Normal,"Exécution de la transformation 'ResourceManagerCtor', tas à 48 Mo."
"Message",Normal,"Exécution de la transformation 'TypeofTypeHandle', tas à 48 Mo."
"Message",Normal,"Exécution de la transformation 'DispatchProxyIntrinsics', tas à 51 Mo."
"Message",Normal,"Exécution de la transformation 'StaticInitData', tas à 51 Mo."
"Message",Normal,"Exécution de la transformation 'Delegate', tas à 56 Mo."
"Message",Normal,"Exécution de la transformation 'LazyGenerics', tas à 57 Mo."
"Message",Normal,"Exécution de la transformation 'AddReflectionBlockedAttributes', tas à 62 Mo."
"Message",Normal,"Exécution de la transformation 'DisableOptimization', tas à 62 Mo."
"Message",Normal,"Exécution de la transformation 'ResourceExtractor', tas à 62 Mo."
"Message",Normal,"Exécution de la transformation 'CreateMetadata', tas à 63 Mo."
"Message",Normal,"Exécution de la transformation 'StartupCodeInjector', tas à 72 Mo."
"Message",Normal,"Exécution de la transformation 'SaveRVAStatics', tas à 72 Mo."
"Message",Normal,"Exécution de la transformation 'ReflectionInvoke', tas à 73 Mo."
"Message",Normal,"Exécution de la transformation 'ScrubOpenCalls', tas à 73 Mo."
"Message",Normal,"Exécution de la transformation 'ConvertCatchIntoFilter', tas à 73 Mo."
"Message",Normal,"Exécution de la transformation 'ReflectionMappingInfoEmit', tas à 73 Mo."
"Message",Normal,"Exécution de la transformation 'ReflectionIntrinsics', tas à 74 Mo."
"Message",Normal,"Exécution de la transformation 'ConvertManagedWinMD', tas à 74 Mo."
"Message",Normal,"Exécution de la transformation 'DebuggerGuidedStepThroughJmc', tas à 74 Mo."
"Message",Normal,"Exécution de la transformation 'Reducer', tas à 76 Mo."
"Message",High,"Nettoyage du code non référencé"
"Message",Normal,"Exécution de la transformation 'WriteAssemblies', tas à 109 Mo."
"Message",Normal,""
"Message",Normal,"Résumé de la transformation"
"Message",Normal,"    ms | delta du tas | nom"
"Message",Normal," 11461 |         15 | Analysis"
"Message",Normal,"  2606 |          0 | GenerateCodeAndCompile"
"Message",Normal,"  2430 |         23 | WriteAssemblies"
"Message",Normal,"  1097 |         68 | Mcg"
"Message",Normal,"   880 |         33 | Reducer"
"Message",Normal,"   730 |         35 | ReducedCopyComplete"
"Message",Normal,"   558 |        -76 | ReducedCopyLateMetadata"
"Message",Normal,"   483 |         20 | ReducedCopyInitialize"
"Message",Normal,"   242 |         14 | DumpNativeResources"
"Message",Normal,"   240 |       -170 | ReducedCopyCleanup"
"Message",Normal,"   238 |         14 | ReducedCopyMethodBodies"
"Message",Normal,"   228 |         13 | ReducedCopyPopulateTypes"
"Message",Normal,"   220 |          9 | CreateMetadata"
"Message",Normal,"   125 |          1 | ResourceExtractor"
"Message",Normal,"   124 |          2 | McgTypeOf"
"Message",Normal,"   117 |          2 | McgRedirect"
"Message",Normal,"    69 |          5 | LazyGenerics"
"Message",Normal,"    64 |          1 | McgRedirect"
"Message",Normal,"    51 |          5 | StaticInitData"
"Message",Normal,"    46 |          1 | SaveRVAStatics"
"Message",Normal,"    41 |          3 | TypeofTypeHandle"
"Message",Normal,"    29 |          2 | ReducedCopyEmptyTypes"
"Message",Normal,"    19 |          2 | DebuggerGuidedStepThroughJmc"
"Message",Normal,"    13 |          1 | McgFixups"
"Message",Normal,"    12 |          0 | GetType"
"Message",Normal,"    12 |          0 | ReflectionIntrinsics"
"Message",Normal,"    10 |          0 | ScrubOpenCalls"
"Message",Normal,"     8 |          1 | Delegate"
"Message",Normal,"     7 |          0 | DispatchProxyIntrinsics"
"Message",Normal,"     6 |          1 | ReflectionMappingInfoEmit"
"Message",Normal,"     4 |          0 | ReflectionInvoke"
"Message",Normal,"     3 |          0 | ConvertCatchIntoFilter"
"Message",Normal,"     3 |          0 | McgAccessor"
"Message",Normal,"     3 |          0 | AddReflectionBlockedAttributes"
"Message",Normal,"     2 |          1 | EventSource"
"Message",Normal,"     2 |          0 | Attribute"
"Message",Normal,"     1 |          0 | ValueType"
"Message",Normal,"     1 |          0 | StartupCodeInjector"
"Message",Normal,"     0 |          0 | ComImportDetector"
"Message",Normal,"     0 |          0 | DisableOptimization"
"Message",Normal,"     0 |          0 | ReducedCopyPassResourcesToMutableAssembly"
"Message",Normal,"     0 |          0 | ConvertManagedWinMD"
"Message",Normal,"     0 |          0 | ResourceManagerCtor"
"Message",Low,"Fin de l'exécution de la tâche ""RunILTransforms""."
"Message",Low,"Génération de la cible ""RunILTransforms"" terminée dans le fichier ""ILTransforms""."
"Message",Low,"Génération du projet ""ILTransforms"" terminée."
"Message",Low,""
"Message",Low,""
"Message",Low,"Génération de la cible ""GenerateMDIL"" terminée dans le fichier ""Nutc""."
"Message",Low,""
"Message",High,"Génération du code natif"
"Message",Low,"Génération de la cible ""MDILPrepareMultiFile"" terminée dans le fichier ""Nutc""."
"Message",Low,""
"Message",Low,"Génération de la cible ""SetBinaryForReferences"" terminée dans le fichier ""Nutc""."
"Message",Low,""
"Message",Low,"Tâche ""GenerateMDILGlobalAnalysis"""
"Message",Normal,"Lancement de 'C:\Users\Anthony\.nuget\packages\runtime.win10-x64.microsoft.net.native.compiler\2.2.7-rel-27913-00\tools\x64\ilc\Tools\nutc_driver.exe @""C:\Users\Anthony\Source\Repos\GoalFormulationAssistanceAR\Hololens\Projects\ContextualAssistanceV2\obj\x64\Debug\ilc\intermediate\MDIL\ContextualAssistanceV2.rsp""'"
"Message",Low,"Microsoft (R) MDIL Compiler - Version 2.2.27913.00"
"Message",Low,"Copyright (c) Microsoft Corporation.  All rights reserved."
"Message",Low,"Analyse des types d'entrée"
"Message",Low,"Génération de code hâtive"
"Message",Low,"Génération de code différée"
"Message",Low,"Compilation de 2210 méthodes."
"Message",Low,"Compilation de 2654 méthodes."
"Message",Low,"Compilation de 1171 méthodes."
"Message",Low,"Compilation de 495 méthodes."
"Message",Low,"Compilation de 403 méthodes."
"Message",Low,"Compilation de 267 méthodes."
"Message",Low,"Compilation de 259 méthodes."
"Message",Low,"Compilation de 276 méthodes."
"Message",Low,"Compilation de 290 méthodes."
"Message",Low,"Compilation de 79 méthodes."
"Message",Low,"Compilation de 18 méthodes."
"Message",Low,"Compilation de 20 méthodes."
"Message",Low,"Compilation de 6 méthodes."
"Message",Low,"Compilation de 13 méthodes."
"Message",Low,"Compilation de 1 méthodes."
"Message",Low,"Compilation de 1 méthodes."
"Message",Low,"Appel à la méthode managée Initialize effectué ; code de sortie : 0 durant la génération de la liste CTL.Statistiques des métadonnées de la trace de la pile"
"Message",Low,"Nombre de méthodes envoyées :   4457"
"Message",Low,"Taille de l'objet blob de métadonnées :          165382"
"Message",Low,"RVA de la méthode - taille de la table des jetons : 35656"
"Message",Low,"Taille native totale :           201038"
"Message",Low,"Génération réussie de 'C:\Users\Anthony\Source\Repos\GoalFormulationAssistanceAR\Hololens\Projects\ContextualAssistanceV2\obj\x64\Debug\ilc\intermediate\MDIL\ContextualAssistanceV2.mdilexe'"
"Message",Low,"Génération réussie de 'C:\Users\Anthony\Source\Repos\GoalFormulationAssistanceAR\Hololens\Projects\ContextualAssistanceV2\obj\x64\Debug\ilc\intermediate\MDIL\ContextualAssistanceV2.mdilpdb'"
"Message",Low,"Compilé en code MDIL."
"Message",Normal,"'C:\Users\Anthony\.nuget\packages\runtime.win10-x64.microsoft.net.native.compiler\2.2.7-rel-27913-00\tools\x64\ilc\Tools\nutc_driver.exe @""C:\Users\Anthony\Source\Repos\GoalFormulationAssistanceAR\Hololens\Projects\ContextualAssistanceV2\obj\x64\Debug\ilc\intermediate\MDIL\ContextualAssistanceV2.rsp""' achevé."
"Message",Normal,"Statistiques d'exécution de processus (toutes les durées en millisecondes)"
"Message",Normal,"-----------------------------------------------------------------------------"
"Message",Normal,"lancement | début |   arrêt  |   fin    |  durée   | durée de vie | nom [emplacement]"
"Message",Normal,"-----------------------------------------------------------------------------"
"Message",Normal,"       0 |        0 |     5688 |     5688 |     5688 |     5688 | [0] Nutc GlobalAnalysis"
"Message",Normal,"Nombre de commandes :    1"
"Message",Normal,"Temps système total :    5688 ms"
"Message",Normal,"Temps système par commande : 5688 ms"
"Message",Normal,"Durée totale :           5688 ms"
"Message",Normal,"Durée de vie totale :    5688 ms"
"Message",Normal,"DOP demandé :            4"
"Message",Normal,"Durée DOP :              1,0"
"Message",Normal,"Durée de vie DOP :       1,0"
"Message",Low,"Fin de l'exécution de la tâche ""GenerateMDILGlobalAnalysis""."
"Message",Low,"Génération de la cible ""GenerateMDILGlobalAnalysis"" terminée dans le fichier ""Nutc""."
"Message",Low,""
"Message",Low,"Tâche ""rc"""
"Message",Normal,"Lancement de 'C:\Windows Kits\10\bin\10.0.18362.0\x64\rc.exe /c ""65001"" /r /fo ""C:\Users\Anthony\Source\Repos\GoalFormulationAssistanceAR\Hololens\Projects\ContextualAssistanceV2\obj\x64\Debug\ilc\intermediate\BuildInfo\BuildInfo.res"" ""C:\Users\Anthony\Source\Repos\GoalFormulationAssistanceAR\Hololens\Projects\ContextualAssistanceV2\obj\x64\Debug\ilc\intermediate\BuildInfo\BuildInfo.rc""'"
"Message",Low,"Microsoft (R) Windows (R) Resource Compiler Version 10.0.10011.16384"
"Message",Low,"Copyright (C) Microsoft Corporation.  All rights reserved."
"Message",Normal,"'C:\Windows Kits\10\bin\10.0.18362.0\x64\rc.exe /c ""65001"" /r /fo ""C:\Users\Anthony\Source\Repos\GoalFormulationAssistanceAR\Hololens\Projects\ContextualAssistanceV2\obj\x64\Debug\ilc\intermediate\BuildInfo\BuildInfo.res"" ""C:\Users\Anthony\Source\Repos\GoalFormulationAssistanceAR\Hololens\Projects\ContextualAssistanceV2\obj\x64\Debug\ilc\intermediate\BuildInfo\BuildInfo.rc""' achevé."
"Message",Normal,"Statistiques d'exécution de processus (toutes les durées en millisecondes)"
"Message",Normal,"-----------------------------------------------------------------------------"
"Message",Normal,"lancement | début |   arrêt  |   fin    |  durée   | durée de vie | nom [emplacement]"
"Message",Normal,"-----------------------------------------------------------------------------"
"Message",Normal,"       0 |        0 |      109 |      109 |      109 |      109 | [0] rc"
"Message",Normal,"Nombre de commandes :    1"
"Message",Normal,"Temps système total :    109 ms"
"Message",Normal,"Temps système par commande : 109 ms"
"Message",Normal,"Durée totale :           109 ms"
"Message",Normal,"Durée de vie totale :    109 ms"
"Message",Normal,"DOP demandé :            4"
"Message",Normal,"Durée DOP :              1,0"
"Message",Normal,"Durée de vie DOP :       1,0"
"Message",Low,"Fin de l'exécution de la tâche ""rc""."
"Message",Low,"Tâche ""ResourceBinaryConcatenate"""
"Message",Normal,"Concaténation en 'C:\Users\Anthony\Source\Repos\GoalFormulationAssistanceAR\Hololens\Projects\ContextualAssistanceV2\obj\x64\Debug\ilc\intermediate\Native.res' avec l'alignement '4'."
"Message",Normal," Ajout effectué de 'C:\Users\Anthony\Source\Repos\GoalFormulationAssistanceAR\Hololens\Projects\ContextualAssistanceV2\obj\x64\Debug\ilc\intermediate\ILTransformed\ContextualAssistanceV2.res' à l'offset 0."
"Message",Normal," Ajout effectué de 'C:\Users\Anthony\Source\Repos\GoalFormulationAssistanceAR\Hololens\Projects\ContextualAssistanceV2\obj\x64\Debug\ilc\intermediate\BuildInfo\BuildInfo.res' à l'offset 1496."
"Message",Low,"Fin de l'exécution de la tâche ""ResourceBinaryConcatenate""."
"Message",Low,"Génération de la cible ""GenerateBuildInfo"" terminée dans le fichier ""Nutc""."
"Message",Low,"Génération du projet ""Nutc"" terminée."
"Message",Low,""
"Message",Low,""
"Message",Low,"Génération de la cible ""MDILBindPrepare"" terminée dans le fichier ""Binder""."
"Message",Low,""
"Message",High,"Génération de corrections pour le code natif"
"Message",Low,"Tâche ""MDILBind"""
"Message",Normal,"Lancement de 'C:\Users\Anthony\.nuget\packages\runtime.win10-x64.microsoft.net.native.compiler\2.2.7-rel-27913-00\tools\x64\ilc\Tools\rhbind.exe @""C:\Users\Anthony\Source\Repos\GoalFormulationAssistanceAR\Hololens\Projects\ContextualAssistanceV2\obj\x64\Debug\ilc\intermediate\rhbindargs.ContextualAssistanceV2.rsp""'"
"Message",Low,"VERSION DE SYSTÈME D'EXPLOITATION : principale : 6  secondaire : 2"
"Message",Low,"MDIL : C:\Users\Anthony\Source\Repos\GoalFormulationAssistanceAR\Hololens\Projects\ContextualAssistanceV2\obj\x64\Debug\ilc\intermediate\MDIL\ContextualAssistanceV2.mdilexe"
"Message",Low,"MDILPDB : C:\Users\Anthony\Source\Repos\GoalFormulationAssistanceAR\Hololens\Projects\ContextualAssistanceV2\obj\x64\Debug\ilc\intermediate\MDIL\ContextualAssistanceV2.mdilpdb"
"Message",Low,"IL : C:\Users\Anthony\Source\Repos\GoalFormulationAssistanceAR\Hololens\Projects\ContextualAssistanceV2\obj\x64\Debug\ilc\intermediate\MDIL\ContextualAssistanceV2.ilexe"
"Message",Low,"NI : C:\Users\Anthony\Source\Repos\GoalFormulationAssistanceAR\Hololens\Projects\ContextualAssistanceV2\obj\x64\Debug\ilc\intermediate\Native\ContextualAssistanceV2.dll"
"Message",Low,"SHIM : C:\Users\Anthony\Source\Repos\GoalFormulationAssistanceAR\Hololens\Projects\ContextualAssistanceV2\obj\x64\Debug\ilc\intermediate\Native\ContextualAssistanceV2.exe"
"Message",Low,"REDHAWK_RUNTIME_DLL_NAME_A=mrt100_app.dll"
"Message",Low,"pdb : C:\Users\Anthony\Source\Repos\GoalFormulationAssistanceAR\Hololens\Projects\ContextualAssistanceV2\obj\x64\Debug\ilc\intermediate\Native\ContextualAssistanceV2.pdb"
"Message",Low,"C:\Users\Anthony\Source\Repos\GoalFormulationAssistanceAR\Hololens\Projects\ContextualAssistanceV2\obj\x64\Debug\ilc\intermediate\Native\ContextualAssistanceV2.dll produits en 1.362 secondes"
"Message",Normal,"'C:\Users\Anthony\.nuget\packages\runtime.win10-x64.microsoft.net.native.compiler\2.2.7-rel-27913-00\tools\x64\ilc\Tools\rhbind.exe @""C:\Users\Anthony\Source\Repos\GoalFormulationAssistanceAR\Hololens\Projects\ContextualAssistanceV2\obj\x64\Debug\ilc\intermediate\rhbindargs.ContextualAssistanceV2.rsp""' achevé."
"Message",Normal,"Statistiques d'exécution de processus (toutes les durées en millisecondes)"
"Message",Normal,"-----------------------------------------------------------------------------"
"Message",Normal,"lancement | début |   arrêt  |   fin    |  durée   | durée de vie | nom [emplacement]"
"Message",Normal,"-----------------------------------------------------------------------------"
"Message",Normal,"       0 |        0 |     1406 |     1406 |     1406 |     1406 | [0] rhbind ContextualAssistanceV2"
"Message",Normal,"Nombre de commandes :    1"
"Message",Normal,"Temps système total :    1406 ms"
"Message",Normal,"Temps système par commande : 1406 ms"
"Message",Normal,"Durée totale :           1406 ms"
"Message",Normal,"Durée de vie totale :    1406 ms"
"Message",Normal,"DOP demandé :            4"
"Message",Normal,"Durée DOP :              1,0"
"Message",Normal,"Durée de vie DOP :       1,0"
"Message",Low,"Fin de l'exécution de la tâche ""MDILBind""."
"Message",Low,"Génération de la cible ""MDILBind"" terminée dans le fichier ""Binder""."
"Message",Low,"Génération du projet ""Binder"" terminée."
"Message",Low,""
"Message",Low,""
"Message",Low,"Génération de la cible ""CopyNativeExecutablesToOutput"" terminée dans le fichier ""Deployment""."
"Message",Low,""
"Message",Low,"Tâche ""TransformAppxManifest"""
"Message",Low,"Fin de l'exécution de la tâche ""TransformAppxManifest""."
"Message",Low,"Génération de la cible ""TransformAppxManifestAndAddCrt"" terminée dans le fichier ""Deployment""."
"Message",Low,""
"Message",Low,"Génération de la cible ""CopyPackageResourceFileInRetailBuild"" terminée dans le fichier ""Deployment""."
"Message",Low,"Génération du projet ""Deployment"" terminée."
"Message",Low,"Fin de la compilation"
